<?xml version="1.0" encoding="UTF-8"?>
<project-private xmlns="http://www.netbeans.org/ns/project-private/1">
    <editor-bookmarks xmlns="http://www.netbeans.org/ns/editor-bookmarks/2" lastBookmarkId="0"/>
    <open-files xmlns="http://www.netbeans.org/ns/projectui-open-files/2">
        <group>
            <file>file:/Users/alejandro/Desktop/Clase/Desarrollo%20en%20Servidor/JSP/Junio-JSP/Mamas2.0/src/java/Modelo/ConexionEstatica.java</file>
            <file>file:/Users/alejandro/Desktop/Clase/Desarrollo%20en%20Servidor/JSP/Junio-JSP/Mamas2.0/web/controlador/controlador.jsp</file>
            <file>file:/Users/alejandro/Desktop/Clase/Desarrollo%20en%20Servidor/JSP/Junio-JSP/Mamas2.0/web/Vistas/adminAlumnos.jsp</file>
            <file>file:/Users/alejandro/Desktop/Clase/Desarrollo%20en%20Servidor/JSP/Junio-JSP/Mamas2.0/web/Vistas/crearPreguntas.jsp</file>
            <file>file:/Users/alejandro/Desktop/Clase/Desarrollo%20en%20Servidor/JSP/Junio-JSP/Mamas2.0/web/Vistas/panelProfesor.jsp</file>
            <file>file:/Users/alejandro/Desktop/Clase/Desarrollo%20en%20Servidor/JSP/Junio-JSP/Mamas2.0/web/Vistas/crearExamen.jsp</file>
            <file>file:/Users/alejandro/Desktop/Clase/Desarrollo%20en%20Servidor/JSP/Junio-JSP/Mamas2.0/web/Vistas/panelAlumno.jsp</file>
            <file>file:/Users/alejandro/Desktop/Clase/Desarrollo%20en%20Servidor/JSP/Junio-JSP/Mamas2.0/src/java/Modelo/ExamenAlumno.java</file>
        </group>
    </open-files>
</project-private>
